Name,Address
Libertus,0x56221AaF897207f628cFb4cd6c1231d59de17F39
Libertus2,0x7E2E80E8250844Dd4E558f13850380D5af8F0C61
Libertus,0x22726A97166DD6A3660001E36CEd43A8749cD938
Libertus,0x009fDDE3E654Cb2495135708dc1590daeFb14Ea7
Libertus,0x7D3Ac751898bAAd6183b8bC31DF30Ae84908aF0A
Libertus,0xC64Dc1EcF67C0e60d2C2e609A6bD30b2F01D30BC
Libertus,0xc3C14f31C8Db2417d1695Fa6C8bebe8F2804677e
Libertus,0xbEA07b01E8Fe3936A3D206158521A87addB65cfE
Libertus,0xd7F87cCc655f4d771bF518345036A30Fd5388366
Libertus,0x0C643B0d9425ed28cFF10aF20D6E39C644c77a3d
